entry_ts_utc,exit_ts_utc,entry_ts_ms,exit_ts_ms,side,book_idx,tag,entry_price,exit_price,qty,realized_pnl,return_units,fees,exit_reason,max_hold_bars,stop_offset,target_offset
2026-03-15T09:00:00+00:00,2026-03-15T21:00:00+00:00,1773565200000,1773608400000,SHORT,3,k7_b3,2110.75,2128.01,0.01,-0.19591318000000219,-0.00928168565675718,0.023313180000000003,max_hold,,,
2026-03-15T10:00:00+00:00,2026-03-15T22:00:00+00:00,1773568800000,1773612000000,SHORT,4,k7_b4,2115.15,2138.42,0.01,-0.25609463499999985,-0.012107634683119392,0.023394635000000004,max_hold,,,
2026-03-15T11:00:00+00:00,2026-03-15T22:00:00+00:00,1773572400000,1773612000000,SHORT,5,k7_b5,2116.8,2159.14,0.01,-0.4469176699999969,-0.02111289068405125,0.023517670000000004,stop,,,
2026-03-15T12:00:00+00:00,2026-03-15T22:00:00+00:00,1773576000000,1773612000000,SHORT,5,k7_b5,2117.55,2159.9,0.01,-0.4470259749999991,-0.021110527496399092,0.023525975000000005,stop,,,
2026-03-15T21:00:00+00:00,2026-03-15T22:00:00+00:00,1773608400000,1773612000000,LONG,2,k7_b2,2129.08,2150.37,0.01,0.18936302499999963,0.008894124457512148,0.023536975,target,,,
2026-03-15T22:00:00+00:00,2026-03-15T23:00:00+00:00,1773612000000,1773615600000,LONG,3,k7_b3,2139.49,2195.5,0.01,0.5362575550000022,0.025064737624387223,0.023842445000000004,target,,,
2026-03-16T04:00:00+00:00,2026-03-16T04:00:00+00:00,1773633600000,1773633600000,LONG,2,k7_b2,2236.26,2258.62,0.01,0.19887815999999672,0.008893337983955207,0.024721840000000002,target_entry_bar,,,
2026-03-16T18:00:00+00:00,2026-03-16T18:00:00+00:00,1773684000000,1773684000000,LONG,1,k7_b1,2314.6,2337.75,0.01,0.20591207500000092,0.008896227209885116,0.025587925000000004,target_entry_bar,,,
2026-03-17T02:00:00+00:00,2026-03-17T03:00:00+00:00,1773712800000,1773716400000,SHORT,1,k7_b1,2358.65,2335.06,0.01,0.21008459500000146,0.00890698471583327,0.025815405000000003,target,,,
2026-03-17T03:00:00+00:00,2026-03-17T03:00:00+00:00,1773716400000,1773716400000,SHORT,2,k7_b2,2348.78,2325.29,0.01,0.20919261500000236,0.008906437171638141,0.025707385000000003,target_entry_bar,,,
2026-03-17T13:00:00+00:00,2026-03-17T13:00:00+00:00,1773752400000,1773752400000,LONG,1,k7_b1,2315.78,2338.94,0.01,0.20599903999999855,0.008895449481384179,0.025600960000000002,target_entry_bar,,,
2026-03-17T16:00:00+00:00,2026-03-17T17:00:00+00:00,1773763200000,1773766800000,LONG,2,k7_b2,2315.84,2339.0,0.01,0.20599837999999857,0.008895190514025087,0.025601620000000002,target,,,
2026-03-18T04:00:00+00:00,2026-03-18T05:00:00+00:00,1773806400000,1773810000000,SHORT,1,k7_b1,2338.44,2315.06,0.01,0.20820575000000108,0.008903617368844234,0.02559425,target,,,
2026-03-18T10:00:00+00:00,2026-03-18T11:00:00+00:00,1773828000000,1773831600000,SHORT,1,k7_b1,2326.95,2303.68,0.01,0.20723153499999983,0.008905714991727362,0.025468465000000003,target,,,
2026-03-19T05:00:00+00:00,2026-03-19T07:00:00+00:00,1773896400000,1773903600000,LONG,1,k7_b1,2193.59,2149.72,0.01,-0.46258820500000347,-0.021088179878646578,0.023888205000000003,stop,,,
2026-03-20T09:00:00+00:00,2026-03-20T09:00:00+00:00,1773997200000,1773997200000,SHORT,1,k7_b1,2161.65,2140.03,0.01,0.19254075999999892,0.008907120024055647,0.023659240000000005,target_entry_bar,,,
2026-03-20T19:00:00+00:00,2026-03-20T21:00:00+00:00,1774033200000,1774040400000,LONG,1,k7_b1,2123.47,2144.7,0.01,0.18882506500000018,0.00889228785902321,0.023474935000000002,target,,,
2026-03-20T21:00:00+00:00,2026-03-20T21:00:00+00:00,1774040400000,1774040400000,LONG,2,k7_b2,2133.16,2154.49,0.01,0.18971792499999926,0.008893750351591033,0.023582075,target_entry_bar,,,
2026-03-21T20:00:00+00:00,2026-03-21T23:00:00+00:00,1774123200000,1774134000000,SHORT,1,k7_b1,2150.11,2128.61,0.01,0.19146704,0.008904988116887043,0.023532960000000002,target,,,
2026-03-21T21:00:00+00:00,2026-03-21T23:00:00+00:00,1774126800000,1774134000000,SHORT,2,k7_b2,2153.49,2131.96,0.01,0.19173002499999747,0.008903223372293231,0.023569975,target,,,
2026-03-21T22:00:00+00:00,2026-03-21T23:00:00+00:00,1774130400000,1774134000000,SHORT,3,k7_b3,2151.58,2095.25,0.01,0.5399424349999993,0.025095159603640085,0.023357565,target,,,
2026-03-21T23:00:00+00:00,2026-03-21T23:00:00+00:00,1774134000000,1774134000000,SHORT,4,k7_b4,2147.7,2091.47,0.01,0.5389845650000002,0.025095896307677994,0.023315435000000002,target_entry_bar,,,
2026-03-22T05:00:00+00:00,2026-03-22T17:00:00+00:00,1774155600000,1774198800000,SHORT,3,k7_b3,2117.33,2080.96,0.01,0.3406094049999989,0.016086741556583004,0.023090595000000002,max_hold,,,
2026-03-22T06:00:00+00:00,2026-03-22T18:00:00+00:00,1774159200000,1774202400000,SHORT,4,k7_b4,2110.96,2078.46,0.01,0.30195819,0.014304306571417744,0.023041810000000003,max_hold,,,
2026-03-22T07:00:00+00:00,2026-03-22T19:00:00+00:00,1774162800000,1774206000000,SHORT,5,k7_b5,2106.51,2070.93,0.01,0.33282408000000385,0.015799786376518687,0.02297592,max_hold,,,
2026-03-23T01:00:00+00:00,2026-03-23T02:00:00+00:00,1774227600000,1774231200000,LONG,1,k7_b1,2043.54,2063.98,0.01,0.18180864000000055,0.008896749757773301,0.022591360000000005,target,,,
2026-03-23T02:00:00+00:00,2026-03-23T02:00:00+00:00,1774231200000,1774231200000,LONG,2,k7_b2,2047.66,2068.14,0.01,0.1821630999999979,0.00889615951866999,0.0226369,target_entry_bar,,,
2026-03-23T07:00:00+00:00,2026-03-23T08:00:00+00:00,1774249200000,1774252800000,LONG,2,k7_b2,2037.22,2057.59,0.01,0.1811785450000012,0.008893420690941636,0.022521455000000003,target,,,
2026-03-23T08:00:00+00:00,2026-03-23T11:00:00+00:00,1774252800000,1774263600000,LONG,2,k7_b2,2044.68,2065.13,0.01,0.18189604500000045,0.008896064176301448,0.022603955000000002,target,,,
2026-03-23T09:00:00+00:00,2026-03-23T11:00:00+00:00,1774256400000,1774263600000,LONG,3,k7_b3,2047.88,2101.49,0.01,0.5132784649999967,0.025063893636345716,0.022821535,target,,,
2026-03-23T10:00:00+00:00,2026-03-23T11:00:00+00:00,1774260000000,1774263600000,LONG,4,k7_b4,2043.66,2097.16,0.01,0.5122254899999977,0.025064124658700452,0.022774510000000005,target,,,
2026-03-23T11:00:00+00:00,2026-03-23T11:00:00+00:00,1774263600000,1774263600000,LONG,5,k7_b5,2048.87,2102.51,0.01,0.5135674100000033,0.025065885585713262,0.02283259,target_entry_bar,,,
2026-03-24T10:00:00+00:00,2026-03-24T13:00:00+00:00,1774346400000,1774357200000,SHORT,1,k7_b1,2162.59,2140.96,0.01,0.1926304750000011,0.008907396917584983,0.023669525000000004,target,,,
2026-03-24T11:00:00+00:00,2026-03-24T13:00:00+00:00,1774350000000,1774357200000,SHORT,2,k7_b2,2159.17,2137.58,0.01,0.19226787500000145,0.008904712227383737,0.023632125,target,,,
2026-03-24T12:00:00+00:00,2026-03-24T17:00:00+00:00,1774353600000,1774371600000,SHORT,3,k7_b3,2163.65,2107.01,0.01,0.5429113699999988,0.025092384165645958,0.023488630000000003,target,,,
2026-03-24T13:00:00+00:00,2026-03-24T17:00:00+00:00,1774357200000,1774371600000,SHORT,4,k7_b4,2160.3,2103.74,0.01,0.542147780000004,0.025095948710827383,0.023452220000000003,target,,,
2026-03-24T17:00:00+00:00,2026-03-24T20:00:00+00:00,1774371600000,1774382400000,LONG,1,k7_b1,2127.66,2148.94,0.01,0.18927870000000202,0.008896097120780672,0.023521300000000002,target,,,
2026-03-24T18:00:00+00:00,2026-03-24T20:00:00+00:00,1774375200000,1774382400000,LONG,2,k7_b2,2109.44,2130.53,0.01,0.18758016500000144,0.008892415285573491,0.023319835000000004,target,,,
2026-03-24T19:00:00+00:00,2026-03-25T05:00:00+00:00,1774378800000,1774414800000,LONG,3,k7_b3,2119.11,2174.59,0.01,0.5311846500000001,0.025066402876679366,0.023615350000000004,target,,,
2026-03-24T20:00:00+00:00,2026-03-25T05:00:00+00:00,1774382400000,1774414800000,LONG,4,k7_b4,2117.02,2172.44,0.01,0.5306079700000007,0.02506390917421662,0.02359203,target,,,
2026-03-25T10:00:00+00:00,2026-03-25T15:00:00+00:00,1774432800000,1774450800000,SHORT,1,k7_b1,2184.15,2162.31,0.01,0.19449447000000145,0.008904812856259938,0.02390553,target,,,
2026-03-25T13:00:00+00:00,2026-03-25T15:00:00+00:00,1774443600000,1774450800000,SHORT,2,k7_b2,2181.17,2159.36,0.01,0.19422708499999947,0.008904720173118072,0.023872915,target,,,
2026-03-25T14:00:00+00:00,2026-03-26T02:00:00+00:00,1774447200000,1774490400000,SHORT,3,k7_b3,2182.21,2163.7,0.01,0.1611974950000022,0.007386891958152615,0.023902505,max_hold,,,
2026-03-26T05:00:00+00:00,2026-03-26T05:00:00+00:00,1774501200000,1774501200000,SHORT,1,k7_b1,2147.36,2125.89,0.01,0.19119712500000255,0.008903822600775024,0.023502875000000003,target_entry_bar,,,
2026-03-26T06:00:00+00:00,2026-03-26T09:00:00+00:00,1774504800000,1774515600000,SHORT,2,k7_b2,2117.57,2096.39,0.01,0.1886232200000029,0.008907531746294236,0.02317678,target,,,
2026-03-26T07:00:00+00:00,2026-03-26T11:00:00+00:00,1774508400000,1774522800000,SHORT,3,k7_b3,2119.64,2064.15,0.01,0.5318891549999978,0.02509337222358503,0.023010845000000002,target,,,
2026-03-26T08:00:00+00:00,2026-03-26T11:00:00+00:00,1774512000000,1774522800000,SHORT,4,k7_b4,2121.29,2065.75,0.01,0.5323712799999997,0.02509658179692544,0.023028720000000003,target,,,
2026-03-26T21:00:00+00:00,2026-03-27T03:00:00+00:00,1774558800000,1774580400000,SHORT,1,k7_b1,2062.79,2067.11,0.01,-0.06591445000000165,-0.0031954028282084775,0.022714450000000004,max_hold,,,
2026-03-26T22:00:00+00:00,2026-03-27T04:00:00+00:00,1774562400000,1774584000000,SHORT,2,k7_b2,2066.04,2060.44,0.01,0.03330435999999909,0.0016119900873167552,0.022695640000000003,max_hold,,,
2026-03-27T07:00:00+00:00,2026-03-27T08:00:00+00:00,1774594800000,1774598400000,SHORT,2,k7_b2,2060.36,2039.76,0.01,0.18344934000000138,0.008903751771535138,0.02255066,target,,,
2026-03-27T02:00:00+00:00,2026-03-27T10:00:00+00:00,1774576800000,1774605600000,SHORT,3,k7_b3,2072.15,2017.9,0.01,0.520004725,0.025094936418695552,0.022495275000000002,target,,,
2026-03-27T08:00:00+00:00,2026-03-27T10:00:00+00:00,1774598400000,1774605600000,SHORT,3,k7_b3,2063.9,2009.87,0.01,0.517894265000002,0.025092992150782593,0.022405735000000003,target,,,
2026-03-27T10:00:00+00:00,2026-03-27T10:00:00+00:00,1774605600000,1774605600000,SHORT,4,k7_b4,2038.88,1985.5,0.01,0.5116659100000011,0.025095440143608306,0.022134090000000002,target_entry_bar,,,
2026-03-28T00:00:00+00:00,2026-03-28T06:00:00+00:00,1774656000000,1774677600000,SHORT,1,k7_b1,1990.57,1993.04,0.01,-0.04660985500000027,-0.002341533078464976,0.021909855,max_hold,,,
2026-03-28T01:00:00+00:00,2026-03-28T07:00:00+00:00,1774659600000,1774681200000,SHORT,2,k7_b2,1990.51,1999.86,0.01,-0.1154470349999991,-0.005799872143320008,0.021947035000000004,max_hold,,,
2026-03-28T20:00:00+00:00,2026-03-28T23:00:00+00:00,1774728000000,1774738800000,SHORT,1,k7_b1,2018.51,1998.32,0.01,0.17980743500000054,0.00890792886832369,0.022092565,target,,,
2026-03-28T21:00:00+00:00,2026-03-28T23:00:00+00:00,1774731600000,1774738800000,SHORT,2,k7_b2,2022.46,2002.24,0.01,0.18006415000000026,0.008903224291209726,0.022135850000000002,target,,,
2026-03-30T01:00:00+00:00,2026-03-30T02:00:00+00:00,1774832400000,1774836000000,LONG,1,k7_b1,1997.43,2017.4,0.01,0.17761843500000027,0.00889234841771678,0.022081565000000004,target,,,
2026-03-30T13:00:00+00:00,2026-03-30T14:00:00+00:00,1774875600000,1774879200000,SHORT,1,k7_b1,2072.68,2051.95,0.01,0.1846145350000002,0.008907044744002944,0.022685465,target,,,
2026-03-30T17:00:00+00:00,2026-03-30T17:00:00+00:00,1774890000000,1774890000000,SHORT,2,k7_b2,2064.03,2043.39,0.01,0.183809190000001,0.008905354573334738,0.022590810000000003,target_entry_bar,,,
2026-03-31T00:00:00+00:00,2026-03-31T01:00:00+00:00,1774915200000,1774918800000,LONG,1,k7_b1,2026.71,2046.98,0.01,0.18029470499999983,0.008895930103468175,0.022405295,target,,,
2026-03-31T12:00:00+00:00,2026-03-31T13:00:00+00:00,1774958400000,1774962000000,LONG,1,k7_b1,2041.26,2061.67,0.01,0.18153388500000084,0.008893226977455142,0.022566115000000005,target,,,
2026-03-31T13:00:00+00:00,2026-03-31T13:00:00+00:00,1774962000000,1774962000000,LONG,2,k7_b2,2047.81,2068.29,0.01,0.18216145000000017,0.008895427310150852,0.02263855,target_entry_bar,,,
2026-03-31T15:00:00+00:00,2026-03-31T16:00:00+00:00,1774969200000,1774972800000,LONG,3,k7_b3,2046.23,2099.8,0.01,0.5128968350000016,0.02506545378574264,0.022803165,target,,,
2026-04-01T01:00:00+00:00,2026-04-01T01:00:00+00:00,1775005200000,1775005200000,SHORT,1,k7_b1,2112.86,2091.73,0.01,0.18817475500000108,0.008906162973410498,0.023125245000000003,target_entry_bar,,,
2026-04-01T10:00:00+00:00,2026-04-01T13:00:00+00:00,1775037600000,1775048400000,SHORT,1,k7_b1,2134.43,2113.09,0.01,0.19003863999999693,0.00890348430260055,0.023361360000000005,target,,,
2026-04-01T11:00:00+00:00,2026-04-01T13:00:00+00:00,1775041200000,1775048400000,SHORT,2,k7_b2,2130.51,2109.2,0.01,0.189781595000004,0.00890780118375431,0.023318405000000004,target,,,
2026-04-01T17:00:00+00:00,2026-04-01T18:00:00+00:00,1775062800000,1775066400000,SHORT,2,k7_b2,2143.92,2122.48,0.01,0.19093480000000057,0.008905873353483366,0.023465200000000005,target,,,
2026-04-01T12:00:00+00:00,2026-04-02T00:00:00+00:00,1775044800000,1775088000000,SHORT,3,k7_b3,2133.11,2138.8,0.01,-0.08039550500000056,-0.003768933857138195,0.023495505000000007,max_hold,,,
2026-04-01T22:00:00+00:00,2026-04-02T01:00:00+00:00,1775080800000,1775091600000,SHORT,3,k7_b3,2154.48,2098.08,0.01,0.540610920000001,0.025092408376963395,0.02338908,target,,,
2026-04-02T00:00:00+00:00,2026-04-02T01:00:00+00:00,1775088000000,1775091600000,SHORT,2,k7_b2,2137.73,2116.35,0.01,0.1904025600000011,0.008906763716652763,0.023397440000000002,target,,,
2026-04-02T01:00:00+00:00,2026-04-02T01:00:00+00:00,1775091600000,1775091600000,SHORT,3,k7_b3,2153.5,2097.12,0.01,0.5404215900000011,0.025095035523566338,0.023378410000000002,target_entry_bar,,,
2026-04-02T10:00:00+00:00,2026-04-02T13:00:00+00:00,1775124000000,1775134800000,SHORT,2,k7_b2,2041.79,2021.37,0.01,0.18185262000000074,0.008906529074978364,0.02234738,target,,,
2026-04-02T15:00:00+00:00,2026-04-02T21:00:00+00:00,1775142000000,1775163600000,SHORT,2,k7_b2,2061.56,2067.29,0.01,-0.08000867500000018,-0.003880977269640475,0.022708675,max_hold,,,
2026-04-04T20:00:00+00:00,2026-04-05T02:00:00+00:00,1775332800000,1775354400000,SHORT,1,k7_b1,2062.73,2056.39,0.01,0.040744840000001455,0.0019752871194970477,0.02265516,max_hold,,,
2026-04-05T05:00:00+00:00,2026-04-05T06:00:00+00:00,1775365200000,1775368800000,SHORT,1,k7_b1,2053.22,2032.69,0.01,0.18282749499999745,0.00890442792296965,0.022472505000000004,target,,,
2026-04-05T13:00:00+00:00,2026-04-05T15:00:00+00:00,1775394000000,1775401200000,LONG,1,k7_b1,2027.97,2048.25,0.01,0.18038078999999974,0.00889464784982025,0.022419210000000002,target,,,
2026-04-05T14:00:00+00:00,2026-04-05T15:00:00+00:00,1775397600000,1775401200000,LONG,2,k7_b2,2036.46,2056.82,0.01,0.18108696000000127,0.008892242420671227,0.02251304,target,,,
2026-04-05T15:00:00+00:00,2026-04-05T23:00:00+00:00,1775401200000,1775430000000,LONG,3,k7_b3,2038.39,2091.76,0.01,0.5109841750000012,0.025068027953433894,0.022715825000000002,target,,,
2026-04-06T21:00:00+00:00,2026-04-06T22:00:00+00:00,1775509200000,1775512800000,SHORT,1,k7_b1,2146.5,2125.03,0.01,0.19120658499999799,0.008907830654553832,0.023493415000000004,target,,,
2026-04-07T07:00:00+00:00,2026-04-07T09:00:00+00:00,1775545200000,1775552400000,LONG,1,k7_b1,2104.07,2125.11,0.01,0.18713950999999965,0.00889416749442745,0.02326049,target,,,
2026-04-07T08:00:00+00:00,2026-04-07T09:00:00+00:00,1775548800000,1775552400000,LONG,2,k7_b2,2104.05,2125.09,0.01,0.18713972999999964,0.008894262493762012,0.023260270000000003,target,,,
2026-04-07T10:00:00+00:00,2026-04-07T10:00:00+00:00,1775556000000,1775556000000,SHORT,1,k7_b1,2126.19,2104.93,0.01,0.18932884000000216,0.008904605891289216,0.023271160000000003,target_entry_bar,,,
2026-04-07T17:00:00+00:00,2026-04-07T17:00:00+00:00,1775581200000,1775581200000,LONG,2,k7_b2,2083.67,2104.51,0.01,0.18536501000000147,0.008896082873007792,0.023034990000000005,target_entry_bar,,,
2026-04-07T11:00:00+00:00,2026-04-07T21:00:00+00:00,1775559600000,1775595600000,LONG,3,k7_b3,2089.34,2144.04,0.01,0.5237164099999981,0.025066117051317546,0.023283590000000003,target,,,
2026-04-07T19:00:00+00:00,2026-04-07T21:00:00+00:00,1775588400000,1775595600000,LONG,4,k7_b4,2086.36,2140.98,0.01,0.5229496299999989,0.02506516756456215,0.023250370000000003,target,,,
2026-04-07T18:00:00+00:00,2026-04-07T22:00:00+00:00,1775584800000,1775599200000,LONG,3,k7_b3,2099.34,2154.3,0.01,0.5262049800000004,0.025065257652405058,0.023395020000000002,target,,,
2026-04-07T20:00:00+00:00,2026-04-07T22:00:00+00:00,1775592000000,1775599200000,LONG,5,k7_b5,2113.58,2168.91,0.01,0.5297463049999992,0.025063934414595104,0.023553695,target,,,
2026-04-07T21:00:00+00:00,2026-04-07T22:00:00+00:00,1775595600000,1775599200000,LONG,6,k7_b6,2115.62,2171.01,0.01,0.5303235350000033,0.0250670505572836,0.023576465000000005,target,,,
2026-04-07T22:00:00+00:00,2026-04-07T22:00:00+00:00,1775599200000,1775599200000,LONG,7,k7_b7,2145.34,2201.51,0.01,0.5377923250000007,0.025067929792014353,0.023907675000000003,target_entry_bar,,,
2026-04-08T18:00:00+00:00,2026-04-08T18:00:00+00:00,1775671200000,1775671200000,SHORT,1,k7_b1,2229.58,2207.28,0.01,0.19859726999999727,0.008907384798930619,0.024402730000000004,target_entry_bar,,,
2026-04-09T10:00:00+00:00,2026-04-09T13:00:00+00:00,1775728800000,1775739600000,SHORT,1,k7_b1,2191.67,2169.75,0.01,0.19521219000000073,0.008907006529267668,0.023987810000000005,target,,,
2026-04-09T14:00:00+00:00,2026-04-09T15:00:00+00:00,1775743200000,1775746800000,LONG,1,k7_b1,2165.3,2186.95,0.01,0.19256262499999635,0.00889311527271031,0.023937375000000004,target,,,
2026-04-09T18:00:00+00:00,2026-04-09T22:00:00+00:00,1775757600000,1775772000000,SHORT,2,k7_b2,2220.85,2198.64,0.01,0.19779280500000038,0.008906175788549447,0.024307195000000004,target,,,
2026-04-09T17:00:00+00:00,2026-04-09T23:00:00+00:00,1775754000000,1775775600000,SHORT,1,k7_b1,2206.13,2196.57,0.01,0.07138514999999945,0.003235763531614159,0.024214850000000003,max_hold,,,
2026-04-10T01:00:00+00:00,2026-04-10T07:00:00+00:00,1775782800000,1775804400000,LONG,1,k7_b1,2195.06,2185.25,0.01,-0.12219170499999946,-0.005566668109299949,0.024091705,max_hold,,,
2026-04-09T20:00:00+00:00,2026-04-10T08:00:00+00:00,1775764800000,1775808000000,SHORT,3,k7_b3,2214.25,2178.62,0.01,0.3321392150000011,0.015000077452862191,0.024160785000000004,max_hold,,,
2026-04-10T02:00:00+00:00,2026-04-10T08:00:00+00:00,1775786400000,1775808000000,LONG,2,k7_b2,2194.59,2178.62,0.01,-0.18375265500000257,-0.008372983336295279,0.024052655000000003,max_hold,,,
2026-04-09T21:00:00+00:00,2026-04-10T09:00:00+00:00,1775768400000,1775811600000,SHORT,4,k7_b4,2210.97,2184.68,0.01,0.23872392499999964,0.010797248492742988,0.024176075,max_hold,,,
2026-04-09T22:00:00+00:00,2026-04-10T10:00:00+00:00,1775772000000,1775815200000,SHORT,5,k7_b5,2208.53,2195.19,0.01,0.10917954000000146,0.0049435389150249915,0.024220460000000006,max_hold,,,
2026-04-10T03:00:00+00:00,2026-04-10T14:00:00+00:00,1775790000000,1775829600000,LONG,3,k7_b3,2189.04,2246.35,0.01,0.5487053549999995,0.025066026888499047,0.024394645,target,,,
2026-04-10T04:00:00+00:00,2026-04-10T14:00:00+00:00,1775793600000,1775829600000,LONG,4,k7_b4,2186.26,2243.5,0.01,0.5480363199999978,0.02506729849148764,0.024363680000000002,target,,,
2026-04-10T07:00:00+00:00,2026-04-10T14:00:00+00:00,1775804400000,1775829600000,LONG,4,k7_b4,2186.35,2243.59,0.01,0.5480353300000024,0.02506622132778386,0.02436467,target,,,
2026-04-10T08:00:00+00:00,2026-04-10T14:00:00+00:00,1775808000000,1775829600000,LONG,4,k7_b4,2179.71,2236.77,0.01,0.5463093599999994,0.025063396506874742,0.024290640000000002,target,,,
2026-04-10T09:00:00+00:00,2026-04-10T14:00:00+00:00,1775811600000,1775829600000,LONG,5,k7_b5,2185.78,2243.0,0.01,0.547841709999998,0.025063899843534024,0.02435829,target,,,
2026-04-10T10:00:00+00:00,2026-04-10T15:00:00+00:00,1775815200000,1775833200000,LONG,6,k7_b6,2196.29,2253.79,0.01,0.55052456,0.025066114219888996,0.02447544,target,,,
2026-04-10T11:00:00+00:00,2026-04-10T15:00:00+00:00,1775818800000,1775833200000,LONG,7,k7_b7,2197.09,2254.61,0.01,0.5507156499999998,0.02506568461009789,0.024484350000000002,target,,,
2026-04-10T21:00:00+00:00,2026-04-11T03:00:00+00:00,1775854800000,1775876400000,SHORT,1,k7_b1,2252.9,2247.0,0.01,0.034250550000000914,0.001520287185405518,0.02474945,max_hold,,,
2026-04-10T22:00:00+00:00,2026-04-11T04:00:00+00:00,1775858400000,1775880000000,SHORT,2,k7_b2,2252.59,2235.94,0.01,0.14181308500000092,0.006295556892288472,0.024686915000000004,max_hold,,,
2026-04-11T06:00:00+00:00,2026-04-11T12:00:00+00:00,1775887200000,1775908800000,LONG,1,k7_b1,2232.55,2245.0,0.01,0.09987347499999819,0.00447351571073428,0.024626525000000003,max_hold,,,
2026-04-11T07:00:00+00:00,2026-04-11T13:00:00+00:00,1775890800000,1775912400000,LONG,2,k7_b2,2235.84,2244.25,0.01,0.05945950499999855,0.0026593810379990763,0.024640495000000002,max_hold,,,
2026-04-11T08:00:00+00:00,2026-04-11T18:00:00+00:00,1775894400000,1775930400000,LONG,3,k7_b3,2232.8,2291.25,0.01,0.5596177249999983,0.025063495386958,0.024882275000000002,target,,,
2026-04-11T09:00:00+00:00,2026-04-11T18:00:00+00:00,1775898000000,1775930400000,LONG,4,k7_b4,2232.63,2291.08,0.01,0.5596195949999982,0.025065487563993957,0.024880405,target,,,
2026-04-11T22:00:00+00:00,2026-04-12T01:00:00+00:00,1775944800000,1775955600000,SHORT,1,k7_b1,2297.3,2274.33,0.01,0.20455603500000252,0.00890419340094905,0.025143965000000004,target,,,
2026-04-11T23:00:00+00:00,2026-04-12T01:00:00+00:00,1775948400000,1775955600000,SHORT,2,k7_b2,2294.69,2271.74,0.01,0.20438463500000273,0.008906851688027696,0.025115365,target,,,
2026-04-12T08:00:00+00:00,2026-04-12T10:00:00+00:00,1775980800000,1775988000000,SHORT,1,k7_b1,2215.9,2193.74,0.01,0.1973469800000031,0.00890595153210899,0.02425302,target,,,
2026-04-12T09:00:00+00:00,2026-04-12T12:00:00+00:00,1775984400000,1775995200000,SHORT,2,k7_b2,2211.83,2189.71,0.01,0.19699152999999892,0.008906269017058224,0.024208470000000003,target,,,
2026-04-12T10:00:00+00:00,2026-04-12T22:00:00+00:00,1775988000000,1776031200000,SHORT,3,k7_b3,2211.9,2210.06,0.01,-0.005920779999998543,-0.00026767846647671883,0.02432078,max_hold,,,
2026-04-13T00:00:00+00:00,2026-04-13T06:00:00+00:00,1776038400000,1776060000000,LONG,1,k7_b1,2191.71,2190.36,0.01,-0.03760138499999909,-0.001715618626551829,0.024101385000000003,max_hold,,,
2026-04-13T09:00:00+00:00,2026-04-13T13:00:00+00:00,1776070800000,1776085200000,LONG,1,k7_b1,2185.43,2207.28,0.01,0.19434009500000363,0.008892533505992123,0.024159905000000002,target,,,
2026-04-13T10:00:00+00:00,2026-04-13T13:00:00+00:00,1776074400000,1776085200000,LONG,2,k7_b2,2188.17,2210.05,0.01,0.19460979000000111,0.008893723522395477,0.024190210000000004,target,,,
2026-04-13T11:00:00+00:00,2026-04-13T17:00:00+00:00,1776078000000,1776099600000,LONG,3,k7_b3,2183.85,2241.02,0.01,0.5473632150000007,0.02506413970739752,0.024336785,target,,,
2026-04-13T12:00:00+00:00,2026-04-13T19:00:00+00:00,1776081600000,1776106800000,LONG,4,k7_b4,2187.39,2244.66,0.01,0.5483237249999999,0.0250674879651091,0.024376275000000003,target,,,
2026-04-14T16:00:00+00:00,2026-04-14T18:00:00+00:00,1776182400000,1776189600000,LONG,2,k7_b2,2364.44,2317.15,0.01,-0.49864874499999967,-0.021089507240615098,0.025748745000000003,stop,,,
2026-04-14T15:00:00+00:00,2026-04-14T19:00:00+00:00,1776178800000,1776193200000,LONG,1,k7_b1,2353.26,2306.19,0.01,-0.49632697500000167,-0.02109103860176953,0.025626975000000003,stop,,,
2026-04-14T23:00:00+00:00,2026-04-15T00:00:00+00:00,1776207600000,1776211200000,LONG,1,k7_b1,2315.23,2338.38,0.01,0.20590514500000093,0.008893507124562178,0.025594855,target,,,
2026-04-15T00:00:00+00:00,2026-04-15T06:00:00+00:00,1776211200000,1776232800000,LONG,2,k7_b2,2322.33,2318.3,0.01,-0.06582346499999746,-0.0028343717301157656,0.025523465000000002,max_hold,,,
2026-04-15T03:00:00+00:00,2026-04-15T15:00:00+00:00,1776222000000,1776265200000,LONG,3,k7_b3,2324.88,2337.24,0.01,0.09795833999999673,0.004213479405388524,0.025641660000000004,max_hold,,,
2026-04-15T04:00:00+00:00,2026-04-15T16:00:00+00:00,1776225600000,1776268800000,LONG,4,k7_b4,2328.76,2330.6,0.01,-0.007226480000003092,-0.0003103145021386099,0.02562648,max_hold,,,
2026-04-15T13:00:00+00:00,2026-04-15T19:00:00+00:00,1776258000000,1776279600000,SHORT,1,k7_b1,2330.48,2357.12,0.01,-0.29218179999999877,-0.0125374086025196,0.0257818,max_hold,,,
2026-04-15T14:00:00+00:00,2026-04-16T02:00:00+00:00,1776261600000,1776304800000,LONG,3,k7_b3,2326.89,2350.86,0.01,0.21397237500000255,0.009195637739644012,0.025727625000000004,max_hold,,,
2026-04-15T15:00:00+00:00,2026-04-16T03:00:00+00:00,1776265200000,1776308400000,LONG,3,k7_b3,2338.41,2355.49,0.01,0.1449835499999993,0.006200091087533807,0.02581645,max_hold,,,
2026-04-15T16:00:00+00:00,2026-04-16T04:00:00+00:00,1776268800000,1776312000000,LONG,3,k7_b3,2331.77,2356.51,0.01,0.22161446000000237,0.00950413033875564,0.025785540000000003,max_hold,,,
2026-04-15T17:00:00+00:00,2026-04-16T05:00:00+00:00,1776272400000,1776315600000,LONG,4,k7_b4,2341.6,2352.72,0.01,0.08538123999999891,0.0036462777587973573,0.02581876,max_hold,,,
2026-04-15T18:00:00+00:00,2026-04-16T06:00:00+00:00,1776276000000,1776319200000,LONG,5,k7_b5,2348.75,2355.72,0.01,0.043825414999998,0.001865903778605556,0.025874585,max_hold,,,
2026-04-16T07:00:00+00:00,2026-04-16T10:00:00+00:00,1776322800000,1776333600000,SHORT,1,k7_b1,2353.38,2329.85,0.01,0.20954223500000202,0.00890388441305705,0.025757765000000002,target,,,
2026-04-16T02:00:00+00:00,2026-04-16T13:00:00+00:00,1776304800000,1776344400000,LONG,5,k7_b5,2352.04,2305.0,0.01,-0.49601371999999966,-0.021088660056801743,0.02561372,stop,,,
2026-04-16T16:00:00+00:00,2026-04-16T16:00:00+00:00,1776355200000,1776355200000,SHORT,1,k7_b1,2336.42,2313.06,0.01,0.20802786000000129,0.00890370138930506,0.02557214,target_entry_bar,,,
2026-04-17T05:00:00+00:00,2026-04-17T08:00:00+00:00,1776402000000,1776412800000,LONG,1,k7_b1,2328.97,2352.26,0.01,0.20715323500000418,0.008894628741460997,0.025746765000000005,target,,,
2026-04-17T06:00:00+00:00,2026-04-17T08:00:00+00:00,1776405600000,1776412800000,LONG,2,k7_b2,2319.42,2342.61,0.01,0.20625883500000056,0.008892690198411695,0.025641165000000004,target,,,
2026-04-17T07:00:00+00:00,2026-04-17T13:00:00+00:00,1776409200000,1776430800000,LONG,3,k7_b3,2331.13,2392.16,0.01,0.5843219049999975,0.025066036857661195,0.025978095,target,,,
2026-04-17T08:00:00+00:00,2026-04-17T13:00:00+00:00,1776412800000,1776430800000,LONG,4,k7_b4,2334.4,2395.51,0.01,0.5850854950000013,0.025063634981151526,0.026014505000000004,target,,,
2026-04-17T11:00:00+00:00,2026-04-17T13:00:00+00:00,1776423600000,1776430800000,LONG,4,k7_b4,2343.71,2405.07,0.01,0.5874817100000013,0.025066314091760553,0.026118290000000002,target,,,
2026-04-17T12:00:00+00:00,2026-04-17T13:00:00+00:00,1776427200000,1776430800000,LONG,4,k7_b4,2354.82,2416.47,0.01,0.5902579049999964,0.025065945804774732,0.026242095,target,,,
2026-04-17T13:00:00+00:00,2026-04-17T13:00:00+00:00,1776430800000,1776430800000,LONG,5,k7_b5,2371.92,2434.02,0.01,0.5945673299999991,0.02506692173429117,0.026432670000000002,target_entry_bar,,,
2026-04-18T03:00:00+00:00,2026-04-18T08:00:00+00:00,1776481200000,1776499200000,SHORT,1,k7_b1,2417.08,2392.91,0.01,0.2152450550000007,0.00890516884008807,0.026454945,target,,,
2026-04-18T04:00:00+00:00,2026-04-18T08:00:00+00:00,1776484800000,1776499200000,SHORT,2,k7_b2,2402.79,2378.76,0.01,0.21400147499999744,0.008906374464684699,0.026298525000000003,target,,,
2026-04-18T05:00:00+00:00,2026-04-18T11:00:00+00:00,1776488400000,1776510000000,SHORT,3,k7_b3,2405.06,2342.1,0.01,0.6034906200000004,0.025092539063474525,0.02610938,target,,,
2026-04-18T06:00:00+00:00,2026-04-18T11:00:00+00:00,1776492000000,1776510000000,SHORT,4,k7_b4,2406.4,2343.4,0.01,0.6038761,0.025094585272606384,0.026123900000000002,target,,,
2026-04-18T07:00:00+00:00,2026-04-18T11:00:00+00:00,1776495600000,1776510000000,SHORT,5,k7_b5,2407.15,2344.13,0.01,0.6040679599999998,0.025094736929564,0.026132040000000002,target,,,
2026-04-18T08:00:00+00:00,2026-04-18T18:00:00+00:00,1776499200000,1776535200000,SHORT,6,k7_b6,2401.17,2338.31,0.01,0.6025328600000013,0.02509330284819489,0.026067140000000003,target,,,
2026-04-19T10:00:00+00:00,2026-04-19T12:00:00+00:00,1776592800000,1776600000000,LONG,2,k7_b2,2309.88,2332.98,0.01,0.2054642699999991,0.008895019221777715,0.025535730000000003,target,,,
2026-04-19T09:00:00+00:00,2026-04-19T13:00:00+00:00,1776589200000,1776603600000,LONG,1,k7_b1,2318.25,2341.43,0.01,0.20617175999999837,0.008893422193464827,0.02562824,target,,,
2026-04-19T11:00:00+00:00,2026-04-19T22:00:00+00:00,1776596400000,1776636000000,LONG,3,k7_b3,2317.54,2271.19,0.01,-0.4887380149999991,-0.02108865499624598,0.025238015000000003,stop,,,
2026-04-20T08:00:00+00:00,2026-04-20T12:00:00+00:00,1776672000000,1776686400000,LONG,1,k7_b1,2297.98,2320.96,0.01,0.2043958300000002,0.008894586985091261,0.025404170000000004,target,,,
2026-04-20T13:00:00+00:00,2026-04-20T14:00:00+00:00,1776690000000,1776693600000,SHORT,1,k7_b1,2316.47,2293.31,0.01,0.20624620999999854,0.008903469934857716,0.02535379,target,,,
2026-04-21T10:00:00+00:00,2026-04-21T12:00:00+00:00,1776765600000,1776772800000,SHORT,1,k7_b1,2323.16,2299.93,0.01,0.20687300500000017,0.00890481090411337,0.025426995,target,,,
2026-04-21T22:00:00+00:00,2026-04-22T02:00:00+00:00,1776808800000,1776823200000,LONG,1,k7_b1,2312.41,2335.53,0.01,0.20563633000000345,0.008892727933195387,0.025563670000000004,target,,,
2026-04-21T23:00:00+00:00,2026-04-22T02:00:00+00:00,1776812400000,1776823200000,LONG,2,k7_b2,2311.22,2334.33,0.01,0.20554947500000129,0.008893548645304268,0.025550524999999998,target,,,
2026-04-22T00:00:00+00:00,2026-04-22T05:00:00+00:00,1776816000000,1776834000000,LONG,3,k7_b3,2327.29,2388.22,0.01,0.5833646949999984,0.025066265699590445,0.025935305,target,,,
2026-04-22T01:00:00+00:00,2026-04-22T05:00:00+00:00,1776819600000,1776834000000,LONG,4,k7_b4,2325.4,2386.28,0.01,0.5828857600000011,0.025066042831340892,0.025914240000000005,target,,,
2026-04-22T02:00:00+00:00,2026-04-22T05:00:00+00:00,1776823200000,1776834000000,LONG,5,k7_b5,2322.59,2383.4,0.01,0.5822170549999994,0.02506757779031165,0.025882945000000004,target,,,
2026-04-22T05:00:00+00:00,2026-04-22T17:00:00+00:00,1776834000000,1776877200000,LONG,4,k7_b4,2363.99,2385.37,0.01,0.1876785200000011,0.007939057271815918,0.02612148,max_hold,,,
2026-04-22T22:00:00+00:00,2026-04-22T23:00:00+00:00,1776895200000,1776898800000,SHORT,1,k7_b1,2400.51,2376.5,0.01,0.2138264450000022,0.008907542355582863,0.026273555000000004,target,,,
2026-04-22T23:00:00+00:00,2026-04-22T23:00:00+00:00,1776898800000,1776898800000,SHORT,2,k7_b2,2397.76,2373.78,0.01,0.2135565300000002,0.008906501484719078,0.026243470000000005,target_entry_bar,,,
2026-04-23T07:00:00+00:00,2026-04-23T09:00:00+00:00,1776927600000,1776934800000,SHORT,2,k7_b2,2352.06,2328.54,0.01,0.20945669999999983,0.008905244764164173,0.0257433,target,,,
2026-04-23T03:00:00+00:00,2026-04-23T15:00:00+00:00,1776913200000,1776956400000,SHORT,3,k7_b3,2349.6,2332.87,0.01,0.1415464150000002,0.006024277110997626,0.025753585,max_hold,,,
2026-04-23T10:00:00+00:00,2026-04-23T15:00:00+00:00,1776938400000,1776956400000,LONG,1,k7_b1,2315.93,2339.09,0.01,0.2059973900000031,0.00889480208814615,0.02560261,target,,,
2026-04-23T11:00:00+00:00,2026-04-23T15:00:00+00:00,1776942000000,1776956400000,LONG,2,k7_b2,2314.05,2337.19,0.01,0.2058181799999987,0.00889428404744922,0.025581820000000005,target,,,
2026-04-24T12:00:00+00:00,2026-04-24T14:00:00+00:00,1777032000000,1777039200000,SHORT,1,k7_b1,2325.54,2302.28,0.01,0.20714698999999764,0.00890747912312829,0.025453010000000005,target,,,
2026-04-24T13:00:00+00:00,2026-04-24T19:00:00+00:00,1777035600000,1777057200000,SHORT,2,k7_b2,2322.66,2318.73,0.01,0.013772354999998362,0.0005929561364985992,0.025527645,max_hold,,,
2026-04-24T21:00:00+00:00,2026-04-25T03:00:00+00:00,1777064400000,1777086000000,SHORT,1,k7_b1,2324.1,2316.42,0.01,0.05127713999999837,0.002206322447398923,0.02552286,max_hold,,,
2026-04-26T10:00:00+00:00,2026-04-26T16:00:00+00:00,1777197600000,1777219200000,SHORT,1,k7_b1,2332.17,2347.0,0.01,-0.17403543499999927,-0.007462382030469446,0.025735435,max_hold,,,
2026-04-26T12:00:00+00:00,2026-04-26T18:00:00+00:00,1777204800000,1777226400000,SHORT,2,k7_b2,2333.61,2348.15,0.01,-0.17114967999999964,-0.007334116669023514,0.025749680000000004,max_hold,,,
2026-04-26T14:00:00+00:00,2026-04-26T22:00:00+00:00,1777212000000,1777240800000,SHORT,3,k7_b3,2332.72,2379.37,0.01,-0.4924164950000009,-0.021109112752494982,0.025916494999999998,stop,,,
2026-04-26T18:00:00+00:00,2026-04-27T00:00:00+00:00,1777226400000,1777248000000,SHORT,2,k7_b2,2346.97,2368.32,0.01,-0.23943409500000362,-0.010201838753797604,0.025934095000000004,max_hold,,,
2026-04-27T01:00:00+00:00,2026-04-27T05:00:00+00:00,1777251600000,1777266000000,SHORT,3,k7_b3,2388.67,2326.13,0.01,0.5994685999999996,0.025096333943156635,0.025931400000000004,target,,,
2026-04-27T02:00:00+00:00,2026-04-27T05:00:00+00:00,1777255200000,1777266000000,SHORT,3,k7_b3,2392.36,2329.73,0.01,0.6003285050000011,0.025093568902673558,0.025971495000000004,target,,,
2026-04-27T03:00:00+00:00,2026-04-27T05:00:00+00:00,1777258800000,1777266000000,SHORT,4,k7_b4,2389.8,2327.24,0.01,0.599656280000004,0.025092320696292744,0.025943720000000003,target,,,
2026-04-27T04:00:00+00:00,2026-04-27T05:00:00+00:00,1777262400000,1777266000000,SHORT,5,k7_b5,2392.48,2329.84,0.01,0.6004272399999987,0.025096437169798647,0.025972760000000004,target,,,
2026-04-27T05:00:00+00:00,2026-04-27T05:00:00+00:00,1777266000000,1777266000000,SHORT,6,k7_b6,2380.72,2318.39,0.01,0.5974548949999993,0.02509555491615979,0.025845105,target_entry_bar,,,
2026-04-26T19:00:00+00:00,2026-04-27T07:00:00+00:00,1777230000000,1777273200000,SHORT,3,k7_b3,2359.22,2319.4,0.01,0.37246758999999713,0.015787742982850142,0.025732410000000004,max_hold,,,
2026-04-27T12:00:00+00:00,2026-04-28T00:00:00+00:00,1777291200000,1777334400000,SHORT,6,k7_b6,2317.6,2302.28,0.01,0.12779065999999709,0.005513922160855933,0.025409340000000002,max_hold,,,
2026-04-27T13:00:00+00:00,2026-04-28T01:00:00+00:00,1777294800000,1777338000000,SHORT,6,k7_b6,2311.71,2305.08,0.01,0.04090765500000109,0.0017695842039010554,0.025392345000000004,max_hold,,,
2026-04-27T14:00:00+00:00,2026-04-28T02:00:00+00:00,1777298400000,1777341600000,SHORT,6,k7_b6,2309.85,2297.34,0.01,0.09976045499999762,0.004318914864601495,0.025339545,max_hold,,,
2026-04-27T15:00:00+00:00,2026-04-28T03:00:00+00:00,1777302000000,1777345200000,SHORT,6,k7_b6,2312.66,2287.6,0.01,0.22529856999999942,0.009741966826079036,0.02530143,max_hold,,,
2026-04-28T16:00:00+00:00,2026-04-28T19:00:00+00:00,1777392000000,1777402800000,LONG,1,k7_b1,2279.67,2302.47,0.01,0.20279822999999728,0.008895946781770926,0.025201770000000002,target,,,
2026-04-29T04:00:00+00:00,2026-04-29T04:00:00+00:00,1777435200000,1777435200000,LONG,1,k7_b1,2311.7,2334.82,0.01,0.20564414000000347,0.008895797032487066,0.02555586,target_entry_bar,,,
2026-04-29T07:00:00+00:00,2026-04-29T13:00:00+00:00,1777446000000,1777467600000,SHORT,1,k7_b1,2322.64,2315.14,0.01,0.049492209999999995,0.0021308601419074845,0.02550779,max_hold,,,
2026-04-29T08:00:00+00:00,2026-04-29T13:00:00+00:00,1777449600000,1777467600000,SHORT,2,k7_b2,2321.66,2298.44,0.01,0.206789449999998,0.00890696527484636,0.02541055,target,,,
2026-04-29T09:00:00+00:00,2026-04-29T15:00:00+00:00,1777453200000,1777474800000,SHORT,3,k7_b3,2323.15,2262.33,0.01,0.5829798600000016,0.025094370143985602,0.025220140000000002,target,,,
2026-04-29T10:00:00+00:00,2026-04-29T15:00:00+00:00,1777456800000,1777474800000,SHORT,4,k7_b4,2337.64,2276.44,0.01,0.5866225599999982,0.025094649304426613,0.02537744,target,,,
2026-04-29T11:00:00+00:00,2026-04-29T15:00:00+00:00,1777460400000,1777474800000,SHORT,5,k7_b5,2331.2,2270.17,0.01,0.5849924649999975,0.02509404877316393,0.025307535,target,,,
2026-04-29T12:00:00+00:00,2026-04-29T15:00:00+00:00,1777464000000,1777474800000,SHORT,6,k7_b6,2329.39,2268.41,0.01,0.5845121000000002,0.025092925615719144,0.025287900000000002,target,,,
2026-04-29T13:00:00+00:00,2026-04-29T18:00:00+00:00,1777467600000,1777485600000,SHORT,6,k7_b6,2313.98,2253.4,0.01,0.5806794099999993,0.025094400556616707,0.025120590000000005,target,,,
2026-04-29T14:00:00+00:00,2026-04-29T18:00:00+00:00,1777471200000,1777485600000,SHORT,6,k7_b6,2300.75,2240.52,0.01,0.5773230150000002,0.025092818211452792,0.024976985,target,,,
2026-04-29T15:00:00+00:00,2026-04-29T18:00:00+00:00,1777474800000,1777485600000,SHORT,7,k7_b7,2297.09,2236.95,0.01,0.5764627800000033,0.02509535020395384,0.02493722,target,,,
2026-04-29T21:00:00+00:00,2026-04-29T21:00:00+00:00,1777496400000,1777496400000,LONG,1,k7_b1,2240.51,2262.92,0.01,0.19933113499999855,0.008896685799215293,0.024768865,target_entry_bar,,,
2026-04-29T22:00:00+00:00,2026-04-30T01:00:00+00:00,1777500000000,1777510800000,LONG,2,k7_b2,2252.7,2275.23,0.01,0.200396385000002,0.008895831002796735,0.024903615,target,,,
2026-04-30T03:00:00+00:00,2026-04-30T09:00:00+00:00,1777518000000,1777539600000,LONG,2,k7_b2,2245.3,2255.26,0.01,0.07484692000000037,0.0033334930744221424,0.024753080000000004,max_hold,,,
