version_id,pack,symbol,target,mode,live_active,live_account,pred_mean_edge,n_trades,profit_factor,expectancy_return_units,win_rate,net_pnl,expectancy,n_liquidations,is_pack_default_edge
structure_v1_lgbm_ADAUSDT_1h_direction,structure_v1_adausdt_direction,ADAUSDT,direction,single,False,,0.1,10262,2.0050200054284177,0.0032868184619617635,0.7680763983628922,178.59092689500005,0.017403130666049507,0,True
structure_v1_lgbm_ADAUSDT_1h_direction,structure_v1_adausdt_direction,ADAUSDT,direction,single,False,,0.2,7734,2.6133724756605807,0.004256935640026001,0.8060512024825446,174.12267480000003,0.022513922265321958,0,False
structure_v1_lgbm_ADAUSDT_1h_direction,structure_v1_adausdt_direction,ADAUSDT,direction,single,False,,0.3,5073,3.582559369477782,0.005243950147536669,0.8444707273802484,140.786734975,0.027752165380445497,0,False
structure_v1_lgbm_ADAUSDT_1h_direction,structure_v1_adausdt_direction,ADAUSDT,direction,single,False,,0.4,2866,4.844388660370197,0.006055240182133607,0.8796231681786462,91.93693744,0.03207848480111654,0,False
structure_v1_lgbm_ADAUSDT_1h_direction,structure_v1_adausdt_direction,ADAUSDT,direction,single,False,,0.5,1491,6.099239977029448,0.0066188913410064,0.9061032863849765,52.25820955500001,0.03504910097585513,0,False
structure_v1_lgbm_ADAUSDT_1h_direction,structure_v1_adausdt_direction,ADAUSDT,direction,single,False,,0.6,701,7.605450494603587,0.007021625865887909,0.927246790299572,26.095950845000004,0.037226748708987165,0,False
structure_v1_lgbm_ADAUSDT_1h_direction,structure_v1_adausdt_direction,ADAUSDT,direction,single,False,,0.7,256,9.75659582163976,0.007378688758706291,0.9453125,9.964463354999998,0.03892368498046874,0,False
structure_v1_lgbm_ADAUSDT_1h_direction,structure_v1_adausdt_direction,ADAUSDT,direction,single,False,,0.8,80,8.815797555283647,0.007244596526193925,0.9375,3.0106396300000005,0.037632995375000006,0,False
structure_v1_lgbm_ADAUSDT_1h_direction,structure_v1_adausdt_direction,ADAUSDT,direction,single,False,,0.9,23,,0.008784144580731445,1.0,1.0556085800000001,0.04589602521739131,0,False
structure_v1_lgbm_AVAXUSDT_1h_direction,structure_v1_avaxusdt_direction,AVAXUSDT,direction,single,False,,0.1,11460,1.8728448219927738,0.0030980399971504845,0.7698952879581152,228.47093347000003,0.019936381629144854,0,True
structure_v1_lgbm_AVAXUSDT_1h_direction,structure_v1_avaxusdt_direction,AVAXUSDT,direction,single,False,,0.2,8435,2.2995278936516805,0.003912403025512161,0.8015411973918198,211.96963513999995,0.025129772986366324,0,False
structure_v1_lgbm_AVAXUSDT_1h_direction,structure_v1_avaxusdt_direction,AVAXUSDT,direction,single,False,,0.3,5318,3.0108636471075356,0.004875786132314837,0.8422339225272659,166.55456332499995,0.03131902281402782,0,False
structure_v1_lgbm_AVAXUSDT_1h_direction,structure_v1_avaxusdt_direction,AVAXUSDT,direction,single,False,,0.4,3143,3.946347467865654,0.005698922049631352,0.876869233216672,115.12917513499997,0.036630345254533875,0,False
structure_v1_lgbm_AVAXUSDT_1h_direction,structure_v1_avaxusdt_direction,AVAXUSDT,direction,single,False,,0.5,1694,5.0847289525910435,0.006410476090425866,0.9073199527744983,69.19912485999996,0.04084954242030694,0,False
structure_v1_lgbm_AVAXUSDT_1h_direction,structure_v1_avaxusdt_direction,AVAXUSDT,direction,single,False,,0.6,806,7.049685716379459,0.0069240475712411265,0.9255583126550868,35.904941744999974,0.04454707412531014,0,False
structure_v1_lgbm_AVAXUSDT_1h_direction,structure_v1_avaxusdt_direction,AVAXUSDT,direction,single,False,,0.7,351,14.696260718447599,0.00783357989179505,0.9629629629629629,17.743523154999977,0.05055134801994295,0,False
structure_v1_lgbm_AVAXUSDT_1h_direction,structure_v1_avaxusdt_direction,AVAXUSDT,direction,single,False,,0.8,108,727.1222437001994,0.008666793388709675,0.9907407407407407,6.023412739999994,0.05577234018518513,0,False
structure_v1_lgbm_AVAXUSDT_1h_direction,structure_v1_avaxusdt_direction,AVAXUSDT,direction,single,False,,0.9,25,53.070555128778864,0.008333808519350708,0.96,1.3695553149999966,0.054782212599999866,0,False
structure_v1_lgbm_BNBUSDT_1h_direction,structure_v1_bnbusdt_direction,BNBUSDT,direction,single,False,,0.1,7771,1.801295863230226,0.002372608743088123,0.6941191609831424,126.05016740000003,0.016220585175653075,0,True
structure_v1_lgbm_BNBUSDT_1h_direction,structure_v1_bnbusdt_direction,BNBUSDT,direction,single,False,,0.2,6184,2.385025569505791,0.003327081329353055,0.7359314359637775,140.20423870000005,0.022672095520698585,0,False
structure_v1_lgbm_BNBUSDT_1h_direction,structure_v1_bnbusdt_direction,BNBUSDT,direction,single,False,,0.3,4289,3.530905647518692,0.004462743985521605,0.7973886686873397,130.38756780000003,0.030400458801585456,0,False
structure_v1_lgbm_BNBUSDT_1h_direction,structure_v1_bnbusdt_direction,BNBUSDT,direction,single,False,,0.4,2518,4.68859356546765,0.005285965100738982,0.8419380460683081,90.2652177,0.035847981612390785,0,False
structure_v1_lgbm_BNBUSDT_1h_direction,structure_v1_bnbusdt_direction,BNBUSDT,direction,single,False,,0.5,1279,8.294412662771393,0.006461794339432072,0.9132134480062549,56.17998490000001,0.04392492955433933,0,False
structure_v1_lgbm_BNBUSDT_1h_direction,structure_v1_bnbusdt_direction,BNBUSDT,direction,single,False,,0.6,602,10.149017570407343,0.0069201131728226116,0.9418604651162791,28.221200949999997,0.046879071345514944,0,False
structure_v1_lgbm_BNBUSDT_1h_direction,structure_v1_bnbusdt_direction,BNBUSDT,direction,single,False,,0.7,236,16.382160847705624,0.007440246547146335,0.9576271186440678,11.797496700000005,0.049989392796610195,0,False
structure_v1_lgbm_BNBUSDT_1h_direction,structure_v1_bnbusdt_direction,BNBUSDT,direction,single,False,,0.8,86,14.812222331107979,0.007378382918525487,0.9534883720930233,4.207211900000012,0.048921068604651306,0,False
structure_v1_lgbm_BNBUSDT_1h_direction,structure_v1_bnbusdt_direction,BNBUSDT,direction,single,False,,0.9,15,,0.007880419219795102,1.0,0.7246933000000003,0.048312886666666686,0,False
btcusdt_clarity_hold12_v1,structure_v1_btcusdt_clarity_hold12_v1,BTCUSDT,fwd_return,single,False,,0.1,0,,,,0.0,,0,False
btcusdt_clarity_hold12_v1,structure_v1_btcusdt_clarity_hold12_v1,BTCUSDT,fwd_return,single,False,,0.2,0,,,,0.0,,0,False
btcusdt_clarity_hold12_v1,structure_v1_btcusdt_clarity_hold12_v1,BTCUSDT,fwd_return,single,False,,0.3,0,,,,0.0,,0,False
btcusdt_clarity_hold12_v1,structure_v1_btcusdt_clarity_hold12_v1,BTCUSDT,fwd_return,single,False,,0.4,0,,,,0.0,,0,False
btcusdt_clarity_hold12_v1,structure_v1_btcusdt_clarity_hold12_v1,BTCUSDT,fwd_return,single,False,,0.5,0,,,,0.0,,0,False
btcusdt_clarity_hold12_v1,structure_v1_btcusdt_clarity_hold12_v1,BTCUSDT,fwd_return,single,False,,0.6,0,,,,0.0,,0,False
btcusdt_clarity_hold12_v1,structure_v1_btcusdt_clarity_hold12_v1,BTCUSDT,fwd_return,single,False,,0.7,0,,,,0.0,,0,False
btcusdt_clarity_hold12_v1,structure_v1_btcusdt_clarity_hold12_v1,BTCUSDT,fwd_return,single,False,,0.8,0,,,,0.0,,0,False
btcusdt_clarity_hold12_v1,structure_v1_btcusdt_clarity_hold12_v1,BTCUSDT,fwd_return,single,False,,0.9,0,,,,0.0,,0,False
btc_k5_double3h_v1,structure_v1_btcusdt_k5_double3h_v1,BTCUSDT,fwd_return,k5_size_double,True,Xxobster10,0.1,0,,,,0.0,,0,False
btc_k5_double3h_v1,structure_v1_btcusdt_k5_double3h_v1,BTCUSDT,fwd_return,k5_size_double,True,Xxobster10,0.2,0,,,,0.0,,0,False
btc_k5_double3h_v1,structure_v1_btcusdt_k5_double3h_v1,BTCUSDT,fwd_return,k5_size_double,True,Xxobster10,0.3,0,,,,0.0,,0,False
btc_k5_double3h_v1,structure_v1_btcusdt_k5_double3h_v1,BTCUSDT,fwd_return,k5_size_double,True,Xxobster10,0.4,0,,,,0.0,,0,False
btc_k5_double3h_v1,structure_v1_btcusdt_k5_double3h_v1,BTCUSDT,fwd_return,k5_size_double,True,Xxobster10,0.5,0,,,,0.0,,0,False
btc_k5_double3h_v1,structure_v1_btcusdt_k5_double3h_v1,BTCUSDT,fwd_return,k5_size_double,True,Xxobster10,0.6,0,,,,0.0,,0,False
btc_k5_double3h_v1,structure_v1_btcusdt_k5_double3h_v1,BTCUSDT,fwd_return,k5_size_double,True,Xxobster10,0.7,0,,,,0.0,,0,False
btc_k5_double3h_v1,structure_v1_btcusdt_k5_double3h_v1,BTCUSDT,fwd_return,k5_size_double,True,Xxobster10,0.8,0,,,,0.0,,0,False
btc_k5_double3h_v1,structure_v1_btcusdt_k5_double3h_v1,BTCUSDT,fwd_return,k5_size_double,True,Xxobster10,0.9,0,,,,0.0,,0,False
structure_v1_lgbm_DOGEUSDT_1h_direction,structure_v1_dogeusdt_direction,DOGEUSDT,direction,single,False,,0.1,10888,1.6861624099862496,0.002572018112264163,0.7439382806759736,142.22099371799993,0.01306217796822189,0,True
structure_v1_lgbm_DOGEUSDT_1h_direction,structure_v1_dogeusdt_direction,DOGEUSDT,direction,single,False,,0.2,8073,2.1052498461667484,0.0034790530478145407,0.7818654775176515,142.50729719899994,0.017652334596680284,0,False
structure_v1_lgbm_DOGEUSDT_1h_direction,structure_v1_dogeusdt_direction,DOGEUSDT,direction,single,False,,0.3,5046,2.788957017650879,0.004530999320127472,0.8269916765755053,116.04302412449995,0.022997032129310334,0,False
structure_v1_lgbm_DOGEUSDT_1h_direction,structure_v1_dogeusdt_direction,DOGEUSDT,direction,single,False,,0.4,2650,3.835507783788388,0.005540782621242158,0.8686792452830189,74.50341956749998,0.02811449794999999,0,False
structure_v1_lgbm_DOGEUSDT_1h_direction,structure_v1_dogeusdt_direction,DOGEUSDT,direction,single,False,,0.5,1261,5.286274926826207,0.006422097524393204,0.9095955590800952,41.102851036499985,0.032595440948850106,0,False
structure_v1_lgbm_DOGEUSDT_1h_direction,structure_v1_dogeusdt_direction,DOGEUSDT,direction,single,False,,0.6,532,6.82916175996755,0.006952161524174306,0.9342105263157895,18.780795465499992,0.03530224711560149,0,False
structure_v1_lgbm_DOGEUSDT_1h_direction,structure_v1_dogeusdt_direction,DOGEUSDT,direction,single,False,,0.7,201,9.580377190702714,0.007461695320328298,0.9552238805970149,7.620796383499993,0.037914409868159166,0,False
structure_v1_lgbm_DOGEUSDT_1h_direction,structure_v1_dogeusdt_direction,DOGEUSDT,direction,single,False,,0.8,58,11.599353511950229,0.007802675421511629,0.9655172413793104,2.293781847499997,0.039547962887930985,0,False
structure_v1_lgbm_DOGEUSDT_1h_direction,structure_v1_dogeusdt_direction,DOGEUSDT,direction,single,False,,0.9,15,5.732080856669934,0.0068911381999692215,0.9333333333333333,0.5201494404999993,0.03467662936666662,0,False
structure_v1_lgbm_DOTUSDT_1h_direction,structure_v1_dotusdt_direction,DOTUSDT,direction,single,False,,0.1,9790,1.9917188029001773,0.0032590425845377834,0.7649642492339122,169.36300587099996,0.0172995920195097,0,True
structure_v1_lgbm_DOTUSDT_1h_direction,structure_v1_dotusdt_direction,DOTUSDT,direction,single,False,,0.2,7281,2.528702908256542,0.004156594778508517,0.7996154374399121,160.69948034799992,0.022071072702650723,0,False
structure_v1_lgbm_DOTUSDT_1h_direction,structure_v1_dotusdt_direction,DOTUSDT,direction,single,False,,0.3,4756,3.3247263220420007,0.005068420736468777,0.8397813288477712,128.32622452299992,0.02698196478616483,0,False
structure_v1_lgbm_DOTUSDT_1h_direction,structure_v1_dotusdt_direction,DOTUSDT,direction,single,False,,0.4,2690,4.3264726324668965,0.005838199048395932,0.8743494423791821,83.73061499049996,0.03112662267304831,0,False
structure_v1_lgbm_DOTUSDT_1h_direction,structure_v1_dotusdt_direction,DOTUSDT,direction,single,False,,0.5,1393,5.3826493079887525,0.0064166495555776125,0.9023689877961235,47.72206747099999,0.03425848346805455,0,False
structure_v1_lgbm_DOTUSDT_1h_direction,structure_v1_dotusdt_direction,DOTUSDT,direction,single,False,,0.6,600,5.8649031700812335,0.006647870484946875,0.915,21.298847184499998,0.035498078640833326,0,False
structure_v1_lgbm_DOTUSDT_1h_direction,structure_v1_dotusdt_direction,DOTUSDT,direction,single,False,,0.7,251,9.6994284653706,0.007383773566270514,0.9362549800796812,9.860511404499992,0.03928490599402387,0,False
structure_v1_lgbm_DOTUSDT_1h_direction,structure_v1_dotusdt_direction,DOTUSDT,direction,single,False,,0.8,80,21.75637727180207,0.008190017722406313,0.9625,3.4916311530000024,0.04364538941250003,0,False
structure_v1_lgbm_DOTUSDT_1h_direction,structure_v1_dotusdt_direction,DOTUSDT,direction,single,False,,0.9,22,,0.008900981937728968,1.0,1.0647107705000005,0.04839594411363639,0,False
ethusdt_clarity_hold12_v1,structure_v1_ethusdt_clarity_hold12_v1,ETHUSDT,direction,single,False,,0.1,5072,3.3234363836557645,0.004955675073866473,0.8391167192429022,640.598312975,0.12630092921431388,0,True
ethusdt_clarity_hold12_v1,structure_v1_ethusdt_clarity_hold12_v1,ETHUSDT,direction,single,False,,0.2,3750,4.357403646771892,0.005678616491281153,0.8672,542.6467525749997,0.14470580068666658,0,False
ethusdt_clarity_hold12_v1,structure_v1_ethusdt_clarity_hold12_v1,ETHUSDT,direction,single,False,,0.3,2414,6.985734066627747,0.006654728543420106,0.9088649544324772,409.0231176699998,0.16943791121375304,0,False
ethusdt_clarity_hold12_v1,structure_v1_ethusdt_clarity_hold12_v1,ETHUSDT,direction,single,False,,0.4,1335,12.782795946147827,0.007564219451639217,0.9453183520599251,255.87529096999992,0.1916668846217228,0,False
ethusdt_clarity_hold12_v1,structure_v1_ethusdt_clarity_hold12_v1,ETHUSDT,direction,single,False,,0.5,658,28.746073341671032,0.008325643038834192,0.9802431610942249,141.07913702000002,0.21440598331306993,0,False
ethusdt_clarity_hold12_v1,structure_v1_ethusdt_clarity_hold12_v1,ETHUSDT,direction,single,False,,0.6,284,25.885788072250076,0.008202374931844352,0.971830985915493,60.16001225000002,0.21183102904929585,0,False
ethusdt_clarity_hold12_v1,structure_v1_ethusdt_clarity_hold12_v1,ETHUSDT,direction,single,False,,0.7,119,71.40900857838352,0.008554824511108158,0.9831932773109243,26.15621302499999,0.21980010945378142,0,False
ethusdt_clarity_hold12_v1,structure_v1_ethusdt_clarity_hold12_v1,ETHUSDT,direction,single,False,,0.8,41,58.71810352106378,0.008508520607305229,0.975609756097561,9.143056960000003,0.22300138926829274,0,False
ethusdt_clarity_hold12_v1,structure_v1_ethusdt_clarity_hold12_v1,ETHUSDT,direction,single,False,,0.9,11,,0.00889782202781523,1.0,2.9037235399999948,0.2639748672727268,0,False
structure_v1_lgbm_ETHUSDT_1h_direction,structure_v1_ethusdt_direction,ETHUSDT,direction,single,True,Xxobster7,0.1,8657,1.9875946925969716,0.002856841491192319,0.7216125678641562,616.196884035,0.07117903246332448,0,True
structure_v1_lgbm_ETHUSDT_1h_direction,structure_v1_ethusdt_direction,ETHUSDT,direction,single,True,Xxobster7,0.2,6781,2.773710292438403,0.003891080854649945,0.7680283144079044,671.485414525,0.09902454129553163,0,False
structure_v1_lgbm_ETHUSDT_1h_direction,structure_v1_ethusdt_direction,ETHUSDT,direction,single,True,Xxobster7,0.3,4561,3.973840844491442,0.004899485860977329,0.8217496163122122,570.1081092849998,0.12499629670795874,0,False
structure_v1_lgbm_ETHUSDT_1h_direction,structure_v1_ethusdt_direction,ETHUSDT,direction,single,True,Xxobster7,0.4,2611,6.418905311217353,0.00611853539153682,0.8789735733435465,405.2816233949999,0.1552208438893144,0,False
structure_v1_lgbm_ETHUSDT_1h_direction,structure_v1_ethusdt_direction,ETHUSDT,direction,single,True,Xxobster7,0.5,1280,13.447888175136134,0.00726524020070553,0.93203125,238.24073407499992,0.18612557349609368,0,False
structure_v1_lgbm_ETHUSDT_1h_direction,structure_v1_ethusdt_direction,ETHUSDT,direction,single,True,Xxobster7,0.6,568,33.837178528294096,0.0080630720382952,0.9612676056338029,118.29461329500003,0.20826516425176061,0,False
structure_v1_lgbm_ETHUSDT_1h_direction,structure_v1_ethusdt_direction,ETHUSDT,direction,single,True,Xxobster7,0.7,238,33.34341448564142,0.008190634644622006,0.9789915966386554,51.14214587000001,0.21488296584033617,0,False
structure_v1_lgbm_ETHUSDT_1h_direction,structure_v1_ethusdt_direction,ETHUSDT,direction,single,True,Xxobster7,0.8,80,,0.008899539611702912,1.0,18.970635835000003,0.23713294793750003,0,False
structure_v1_lgbm_ETHUSDT_1h_direction,structure_v1_ethusdt_direction,ETHUSDT,direction,single,True,Xxobster7,0.9,17,,0.008898390850285978,1.0,4.522992509999995,0.2660583829411762,0,False
eth_k5_double3h_v1,structure_v1_ethusdt_k5_double3h_v1,ETHUSDT,direction,k5_size_double,True,Xxobster6,0.1,10818,4.114418041595842,0.005206316921173494,0.8392493991495655,2393.9727402649996,0.22129531708864852,0,True
eth_k5_double3h_v1,structure_v1_ethusdt_k5_double3h_v1,ETHUSDT,direction,k5_size_double,True,Xxobster6,0.2,7381,5.790061628408758,0.006057334679444468,0.8760330578512396,1853.8528530799995,0.25116554031703014,0,False
eth_k5_double3h_v1,structure_v1_ethusdt_k5_double3h_v1,ETHUSDT,direction,k5_size_double,True,Xxobster6,0.3,4412,9.367837135202842,0.007050317784448248,0.921804170444243,1248.83243439,0.28305358893699,0,False
eth_k5_double3h_v1,structure_v1_ethusdt_k5_double3h_v1,ETHUSDT,direction,k5_size_double,True,Xxobster6,0.4,2385,19.512177117834987,0.007874066708209226,0.9559748427672956,742.0194920050001,0.3111192838595388,0,False
eth_k5_double3h_v1,structure_v1_ethusdt_k5_double3h_v1,ETHUSDT,direction,k5_size_double,True,Xxobster6,0.5,1137,42.4636184669089,0.008433132610841214,0.9824098504837291,377.2878759450001,0.3318275074274407,0,False
eth_k5_double3h_v1,structure_v1_ethusdt_k5_double3h_v1,ETHUSDT,direction,k5_size_double,True,Xxobster6,0.6,472,36.79768870830684,0.008351003794941284,0.9766949152542372,148.21869987000002,0.3140226692161017,0,False
eth_k5_double3h_v1,structure_v1_ethusdt_k5_double3h_v1,ETHUSDT,direction,k5_size_double,True,Xxobster6,0.7,192,44.230808742337395,0.008422895019268963,0.9791666666666666,60.73770489999994,0.31634221302083304,0,False
eth_k5_double3h_v1,structure_v1_ethusdt_k5_double3h_v1,ETHUSDT,direction,k5_size_double,True,Xxobster6,0.8,65,135.98034733860416,0.008652091050957012,0.9846153846153847,21.38207821999999,0.3289550495384614,0,False
eth_k5_double3h_v1,structure_v1_ethusdt_k5_double3h_v1,ETHUSDT,direction,k5_size_double,True,Xxobster6,0.9,17,,0.008897594384999472,1.0,5.608034699999999,0.32988439411764703,0,False
eth_multitrade_v1,structure_v1_ethusdt_multitrade_v1,ETHUSDT,direction,multitrade_fib,False,,0.1,14705,3.5159139613424935,0.0068554902172669316,0.7255355321319279,2572.01960621,0.17490782769194152,0,True
eth_multitrade_v1,structure_v1_ethusdt_multitrade_v1,ETHUSDT,direction,multitrade_fib,False,,0.2,10586,4.653639572740513,0.007773560733713469,0.7787644058190062,2096.31738421,0.19802733650198376,0,False
eth_multitrade_v1,structure_v1_ethusdt_multitrade_v1,ETHUSDT,direction,multitrade_fib,False,,0.3,6602,6.498413792162273,0.008638618660428884,0.8365646773704938,1457.18569351,0.22071882664495607,0,False
eth_multitrade_v1,structure_v1_ethusdt_multitrade_v1,ETHUSDT,direction,multitrade_fib,False,,0.4,3654,10.791902622621981,0.009703793707681926,0.8899835796387521,904.558002795,0.24755281959359607,0,False
eth_multitrade_v1,structure_v1_ethusdt_multitrade_v1,ETHUSDT,direction,multitrade_fib,False,,0.5,1765,24.016830977026203,0.010641786193650776,0.9422096317280453,489.2598137849999,0.2772010276402266,0,False
eth_multitrade_v1,structure_v1_ethusdt_multitrade_v1,ETHUSDT,direction,multitrade_fib,False,,0.6,751,34.045423348384986,0.010230808772492075,0.9560585885486018,198.32414498000009,0.26408008652463394,0,False
eth_multitrade_v1,structure_v1_ethusdt_multitrade_v1,ETHUSDT,direction,multitrade_fib,False,,0.7,306,40.57157877131607,0.010123705367259591,0.9705882352941176,81.654738145,0.26684554949346406,0,False
eth_multitrade_v1,structure_v1_ethusdt_multitrade_v1,ETHUSDT,direction,multitrade_fib,False,,0.8,102,,0.010113051425802738,1.0,27.671778345000014,0.27129194455882366,0,False
eth_multitrade_v1,structure_v1_ethusdt_multitrade_v1,ETHUSDT,direction,multitrade_fib,False,,0.9,23,,0.01030514533463194,1.0,6.585211339999997,0.286313536521739,0,False
eth_multitrade_v1_1,structure_v1_ethusdt_multitrade_v1_1,ETHUSDT,direction,multitrade_fib,False,,0.1,15252,3.5870898679597025,0.00705355747124235,0.7268554943613952,2739.0281359250002,0.1795848502442303,0,True
eth_multitrade_v1_1,structure_v1_ethusdt_multitrade_v1_1,ETHUSDT,direction,multitrade_fib,False,,0.2,10830,4.761950625878683,0.007963253390182766,0.7807017543859649,2196.5065655,0.20281685738688826,0,False
eth_multitrade_v1_1,structure_v1_ethusdt_multitrade_v1_1,ETHUSDT,direction,multitrade_fib,False,,0.3,6697,6.595100734208592,0.00875748653344606,0.8370912348812901,1500.91699667,0.22411781344930565,0,False
eth_multitrade_v1_1,structure_v1_ethusdt_multitrade_v1_1,ETHUSDT,direction,multitrade_fib,False,,0.4,3681,10.834900408811153,0.009773689558216387,0.8897038848139093,919.0810397549999,0.2496824340546047,0,False
eth_multitrade_v1_1,structure_v1_ethusdt_multitrade_v1_1,ETHUSDT,direction,multitrade_fib,False,,0.5,1775,23.848006547210545,0.010674539278878925,0.9414084507042253,494.3186463249999,0.27848937821126757,0,False
eth_multitrade_v1_1,structure_v1_ethusdt_multitrade_v1_1,ETHUSDT,direction,multitrade_fib,False,,0.6,752,32.699958196931014,0.010202410186617439,0.9547872340425532,198.07720607000007,0.2634005399867022,0,False
eth_multitrade_v1_1,structure_v1_ethusdt_multitrade_v1_1,ETHUSDT,direction,multitrade_fib,False,,0.7,306,40.57157877131607,0.010123705367259591,0.9705882352941176,81.654738145,0.26684554949346406,0,False
eth_multitrade_v1_1,structure_v1_ethusdt_multitrade_v1_1,ETHUSDT,direction,multitrade_fib,False,,0.8,102,,0.010113051425802738,1.0,27.671778345000014,0.27129194455882366,0,False
eth_multitrade_v1_1,structure_v1_ethusdt_multitrade_v1_1,ETHUSDT,direction,multitrade_fib,False,,0.9,23,,0.01030514533463194,1.0,6.585211339999997,0.286313536521739,0,False
eth_multitrade_v1_2,structure_v1_ethusdt_multitrade_v1_2,ETHUSDT,direction,multitrade_fib,True,Xxobster8,0.1,12608,4.255642815858733,0.008020978933362125,0.7549175126903553,2576.330692225,0.20434094957368337,0,True
eth_multitrade_v1_2,structure_v1_ethusdt_multitrade_v1_2,ETHUSDT,direction,multitrade_fib,True,Xxobster8,0.2,8350,6.068426215108861,0.009257770433777106,0.8150898203592815,1967.3436827249996,0.2356100218832335,0,False
eth_multitrade_v1_2,structure_v1_ethusdt_multitrade_v1_2,ETHUSDT,direction,multitrade_fib,True,Xxobster8,0.3,4871,9.241169254477134,0.010256683220162549,0.8718948881133237,1270.919961485,0.2609156151683432,0,False
eth_multitrade_v1_2,structure_v1_ethusdt_multitrade_v1_2,ETHUSDT,direction,multitrade_fib,True,Xxobster8,0.4,2568,17.117775074772236,0.011334720751200433,0.9174454828660437,746.6478575899998,0.2907507233605918,0,False
eth_multitrade_v1_2,structure_v1_ethusdt_multitrade_v1_2,ETHUSDT,direction,multitrade_fib,True,Xxobster8,0.5,1198,40.31091178419971,0.012090295863897831,0.9582637729549248,379.17038604000004,0.3165028264106845,0,False
eth_multitrade_v1_2,structure_v1_ethusdt_multitrade_v1_2,ETHUSDT,direction,multitrade_fib,True,Xxobster8,0.6,485,32.76715993243558,0.010980059448970899,0.9567010309278351,137.85268008000006,0.2842323300618558,0,False
eth_multitrade_v1_2,structure_v1_ethusdt_multitrade_v1_2,ETHUSDT,direction,multitrade_fib,True,Xxobster8,0.7,192,63.96799278113672,0.011014045927802288,0.96875,55.864367924999975,0.2909602496093749,0,False
eth_multitrade_v1_2,structure_v1_ethusdt_multitrade_v1_2,ETHUSDT,direction,multitrade_fib,True,Xxobster8,0.8,65,,0.01080373444487721,1.0,19.041941955000006,0.29295295315384623,0,False
eth_multitrade_v1_2,structure_v1_ethusdt_multitrade_v1_2,ETHUSDT,direction,multitrade_fib,True,Xxobster8,0.9,17,,0.01080127885574356,1.0,4.965942369999997,0.2921142570588233,0,False
structure_v1_lgbm_BTCUSDT_1h,structure_v1_lgbm,BTCUSDT,fwd_return,single,True,Xxobster7,0.1,0,,,,0.0,,0,False
structure_v1_lgbm_BTCUSDT_1h,structure_v1_lgbm,BTCUSDT,fwd_return,single,True,Xxobster7,0.2,0,,,,0.0,,0,False
structure_v1_lgbm_BTCUSDT_1h,structure_v1_lgbm,BTCUSDT,fwd_return,single,True,Xxobster7,0.3,0,,,,0.0,,0,False
structure_v1_lgbm_BTCUSDT_1h,structure_v1_lgbm,BTCUSDT,fwd_return,single,True,Xxobster7,0.4,0,,,,0.0,,0,False
structure_v1_lgbm_BTCUSDT_1h,structure_v1_lgbm,BTCUSDT,fwd_return,single,True,Xxobster7,0.5,0,,,,0.0,,0,False
structure_v1_lgbm_BTCUSDT_1h,structure_v1_lgbm,BTCUSDT,fwd_return,single,True,Xxobster7,0.6,0,,,,0.0,,0,False
structure_v1_lgbm_BTCUSDT_1h,structure_v1_lgbm,BTCUSDT,fwd_return,single,True,Xxobster7,0.7,0,,,,0.0,,0,False
structure_v1_lgbm_BTCUSDT_1h,structure_v1_lgbm,BTCUSDT,fwd_return,single,True,Xxobster7,0.8,0,,,,0.0,,0,False
structure_v1_lgbm_BTCUSDT_1h,structure_v1_lgbm,BTCUSDT,fwd_return,single,True,Xxobster7,0.9,0,,,,0.0,,0,False
structure_v1_lgbm_LINKUSDT_1h_direction,structure_v1_linkusdt_direction,LINKUSDT,direction,single,False,,0.1,10504,2.0641920400319917,0.0034387351627904717,0.7763709063214014,204.48861103500002,0.019467689550171367,0,True
structure_v1_lgbm_LINKUSDT_1h_direction,structure_v1_linkusdt_direction,LINKUSDT,direction,single,False,,0.2,7495,2.852879003270046,0.004588616458126547,0.8208138759172782,194.454943135,0.02594462216611074,0,False
structure_v1_lgbm_LINKUSDT_1h_direction,structure_v1_linkusdt_direction,LINKUSDT,direction,single,False,,0.3,4635,3.8825940730475894,0.00551196328383556,0.8599784250269688,145.10595834500003,0.03130657137971953,0,False
structure_v1_lgbm_LINKUSDT_1h_direction,structure_v1_linkusdt_direction,LINKUSDT,direction,single,False,,0.4,2457,5.378509758581652,0.00635005458870795,0.9010989010989011,88.491069705,0.03601590138583639,0,False
structure_v1_lgbm_LINKUSDT_1h_direction,structure_v1_linkusdt_direction,LINKUSDT,direction,single,False,,0.5,1165,8.244837464165292,0.007173319987305041,0.9339055793991416,47.333055695,0.04062923235622318,0,False
structure_v1_lgbm_LINKUSDT_1h_direction,structure_v1_linkusdt_direction,LINKUSDT,direction,single,False,,0.6,492,14.059679103363788,0.00789177715013067,0.9613821138211383,22.027709615000006,0.04477176751016262,0,False
structure_v1_lgbm_LINKUSDT_1h_direction,structure_v1_linkusdt_direction,LINKUSDT,direction,single,False,,0.7,178,17.77330817883806,0.008052064720318143,0.9719101123595506,8.16141783,0.04585066196629213,0,False
structure_v1_lgbm_LINKUSDT_1h_direction,structure_v1_linkusdt_direction,LINKUSDT,direction,single,False,,0.8,52,11.07502624494787,0.0077411929298500754,0.9615384615384616,2.3457736500000004,0.04511103173076924,0,False
structure_v1_lgbm_LINKUSDT_1h_direction,structure_v1_linkusdt_direction,LINKUSDT,direction,single,False,,0.9,8,,0.008910833725367946,1.0,0.4191938499999986,0.052399231249999824,0,False
solusdt_clarity_hold12_v1,structure_v1_solusdt_clarity_hold12_v1,SOLUSDT,direction,single,False,,0.1,6501,2.6619221420587738,0.004514468516842105,0.8475619135517612,350.9285665000001,0.05398070550684512,0,True
solusdt_clarity_hold12_v1,structure_v1_solusdt_clarity_hold12_v1,SOLUSDT,direction,single,False,,0.2,4404,3.5395940017305016,0.005358066167457346,0.8764759309718437,285.02207025,0.06471890786784741,0,False
solusdt_clarity_hold12_v1,structure_v1_solusdt_clarity_hold12_v1,SOLUSDT,direction,single,False,,0.3,2594,4.639318112808342,0.006023275864970417,0.900154202004626,189.46625695000006,0.07304019157671551,0,False
solusdt_clarity_hold12_v1,structure_v1_solusdt_clarity_hold12_v1,SOLUSDT,direction,single,False,,0.4,1337,5.39446093961533,0.00634441850789133,0.9139865370231862,101.42358435000006,0.07585907580403893,0,False
solusdt_clarity_hold12_v1,structure_v1_solusdt_clarity_hold12_v1,SOLUSDT,direction,single,False,,0.5,641,5.6727797856589985,0.006491571722464631,0.9188767550702028,52.13805000000002,0.08133861154446181,0,False
solusdt_clarity_hold12_v1,structure_v1_solusdt_clarity_hold12_v1,SOLUSDT,direction,single,False,,0.6,285,4.8021547381025265,0.006357015295027526,0.9157894736842105,22.741184049999998,0.07979362824561402,0,False
solusdt_clarity_hold12_v1,structure_v1_solusdt_clarity_hold12_v1,SOLUSDT,direction,single,False,,0.7,119,7.1512862418316505,0.006633217292328073,0.9243697478991597,11.350779350000005,0.09538470042016811,0,False
solusdt_clarity_hold12_v1,structure_v1_solusdt_clarity_hold12_v1,SOLUSDT,direction,single,False,,0.8,36,9.473152715933281,0.006387618125624718,0.9166666666666666,3.555722950000001,0.09877008194444448,0,False
solusdt_clarity_hold12_v1,structure_v1_solusdt_clarity_hold12_v1,SOLUSDT,direction,single,False,,0.9,18,7.725505453262668,0.005560598592877884,0.8888888888888888,1.6167321500000003,0.0898184527777778,0,False
structure_v1_lgbm_SOLUSDT_1h_direction,structure_v1_solusdt_direction,SOLUSDT,direction,single,True,Xxobster7,0.1,11408,1.9406712049467907,0.00305265582946396,0.7730539971949509,424.96772565000003,0.03725172910676718,0,True
structure_v1_lgbm_SOLUSDT_1h_direction,structure_v1_solusdt_direction,SOLUSDT,direction,single,True,Xxobster7,0.2,8123,2.5178001643434507,0.004033188520185998,0.8104148713529484,398.4760566000001,0.04905528211252002,0,False
structure_v1_lgbm_SOLUSDT_1h_direction,structure_v1_solusdt_direction,SOLUSDT,direction,single,True,Xxobster7,0.3,4954,3.3537762662276926,0.004936526571518486,0.8461849010900283,298.7467114,0.060304140371417035,0,False
structure_v1_lgbm_SOLUSDT_1h_direction,structure_v1_solusdt_direction,SOLUSDT,direction,single,True,Xxobster7,0.4,2660,4.350929418014462,0.005708619224846481,0.8789473684210526,184.02349885000004,0.06918176648496242,0,False
structure_v1_lgbm_SOLUSDT_1h_direction,structure_v1_solusdt_direction,SOLUSDT,direction,single,True,Xxobster7,0.5,1288,5.659969782963869,0.006290331846594873,0.906832298136646,101.41795160000007,0.07874064565217397,0,False
structure_v1_lgbm_SOLUSDT_1h_direction,structure_v1_solusdt_direction,SOLUSDT,direction,single,True,Xxobster7,0.6,563,7.0285880525124105,0.006750542010713081,0.9236234458259325,48.23643940000003,0.0856775122557727,0,False
structure_v1_lgbm_SOLUSDT_1h_direction,structure_v1_solusdt_direction,SOLUSDT,direction,single,True,Xxobster7,0.7,240,7.692010253863815,0.006893515151427709,0.9291666666666667,22.106116649999986,0.09210881937499994,0,False
structure_v1_lgbm_SOLUSDT_1h_direction,structure_v1_solusdt_direction,SOLUSDT,direction,single,True,Xxobster7,0.8,67,6.240084539037849,0.006121073662282223,0.9104477611940298,5.9865578999999975,0.08935161044776116,0,False
structure_v1_lgbm_SOLUSDT_1h_direction,structure_v1_solusdt_direction,SOLUSDT,direction,single,True,Xxobster7,0.9,20,8.660901883464769,0.005897152188049637,0.9,1.8417421000000016,0.09208710500000009,0,False
sol_k5_double3h_v1,structure_v1_solusdt_k5_double3h_v1,SOLUSDT,direction,k5_size_double,True,Xxobster10,0.1,10143,3.3567297646465613,0.0050829016150603056,0.8627624963028689,1036.4530267500002,0.10218407046731738,0,True
sol_k5_double3h_v1,structure_v1_solusdt_k5_double3h_v1,SOLUSDT,direction,k5_size_double,True,Xxobster10,0.2,6724,4.350187926617272,0.005797241962321493,0.888459250446163,763.8266471000001,0.11359706232897086,0,False
sol_k5_double3h_v1,structure_v1_solusdt_k5_double3h_v1,SOLUSDT,direction,k5_size_double,True,Xxobster10,0.3,3822,5.894253887504622,0.00651425013117425,0.9165358451072737,474.95393185000006,0.12426842800889588,0,False
sol_k5_double3h_v1,structure_v1_solusdt_k5_double3h_v1,SOLUSDT,direction,k5_size_double,True,Xxobster10,0.4,1972,7.253499755309099,0.006898426436365737,0.9325557809330629,256.66242235000004,0.1301533581896552,0,False
sol_k5_double3h_v1,structure_v1_solusdt_k5_double3h_v1,SOLUSDT,direction,k5_size_double,True,Xxobster10,0.5,943,6.127023666897863,0.0068798838718428955,0.9321314952279958,123.04218845000001,0.1304795211558855,0,False
sol_k5_double3h_v1,structure_v1_solusdt_k5_double3h_v1,SOLUSDT,direction,k5_size_double,True,Xxobster10,0.6,419,6.063086651286412,0.006882847634234231,0.9331742243436754,56.05755215,0.13378890727923629,0,False
sol_k5_double3h_v1,structure_v1_solusdt_k5_double3h_v1,SOLUSDT,direction,k5_size_double,True,Xxobster10,0.7,182,5.1040930166465035,0.006590397290207504,0.9230769230769231,23.466357400000014,0.12893602967032974,0,False
sol_k5_double3h_v1,structure_v1_solusdt_k5_double3h_v1,SOLUSDT,direction,k5_size_double,True,Xxobster10,0.8,57,8.956597858307603,0.0062580736448025216,0.9122807017543859,8.119793250000003,0.14245251315789478,0,False
sol_k5_double3h_v1,structure_v1_solusdt_k5_double3h_v1,SOLUSDT,direction,k5_size_double,True,Xxobster10,0.9,25,8.300834818879846,0.005283724321716016,0.88,3.5090090000000016,0.14036036000000007,0,False
structure_v1_lgbm_TRXUSDT_1h_direction,structure_v1_trxusdt_direction,TRXUSDT,direction,single,False,,0.1,6402,1.6872950905200739,0.00179586948991681,0.6530771633864417,58.284091036000035,0.009104044210559206,0,True
structure_v1_lgbm_TRXUSDT_1h_direction,structure_v1_trxusdt_direction,TRXUSDT,direction,single,False,,0.2,4871,2.3210427151354893,0.002757170172738755,0.7039622254157257,68.08157518500002,0.013976919561691649,0,False
structure_v1_lgbm_TRXUSDT_1h_direction,structure_v1_trxusdt_direction,TRXUSDT,direction,single,False,,0.3,3095,3.4647634759729167,0.003862449359983213,0.7783521809369952,60.65239675200003,0.019596897173505663,0,False
structure_v1_lgbm_TRXUSDT_1h_direction,structure_v1_trxusdt_direction,TRXUSDT,direction,single,False,,0.4,1601,5.679915130015486,0.0050081257978861855,0.83947532792005,40.68042031350001,0.025409381832292324,0,False
structure_v1_lgbm_TRXUSDT_1h_direction,structure_v1_trxusdt_direction,TRXUSDT,direction,single,False,,0.5,729,10.520683524600104,0.006069662009571197,0.906721536351166,22.46202984050001,0.03081211226406037,0,False
structure_v1_lgbm_TRXUSDT_1h_direction,structure_v1_trxusdt_direction,TRXUSDT,direction,single,False,,0.6,300,12.587773850019188,0.006528039320867951,0.9233333333333333,9.956091830000009,0.0331869727666667,0,False
structure_v1_lgbm_TRXUSDT_1h_direction,structure_v1_trxusdt_direction,TRXUSDT,direction,single,False,,0.7,85,11.755652737174243,0.006974872254667719,0.9529411764705882,3.0109669300000053,0.03542314035294124,0,False
structure_v1_lgbm_TRXUSDT_1h_direction,structure_v1_trxusdt_direction,TRXUSDT,direction,single,False,,0.8,17,6.838906621656729,0.0057066529017305995,0.8235294117647058,0.49334846550000144,0.02902049797058832,0,False
structure_v1_lgbm_TRXUSDT_1h_direction,structure_v1_trxusdt_direction,TRXUSDT,direction,single,False,,0.9,2,,0.008928341725727477,1.0,0.09011691899999931,0.045058459499999655,0,False
structure_v1_lgbm_VETUSDT_1h_direction,structure_v1_vetusdt_direction,VETUSDT,direction,single,False,,0.1,10134,1.9967059524953954,0.003318037989366712,0.7735346358792184,168.63280331119995,0.016640300307006112,0,True
structure_v1_lgbm_VETUSDT_1h_direction,structure_v1_vetusdt_direction,VETUSDT,direction,single,False,,0.2,7155,2.564170495106334,0.004277107824000645,0.8135569531795946,153.46758256914995,0.021448998262634515,0,False
structure_v1_lgbm_VETUSDT_1h_direction,structure_v1_vetusdt_direction,VETUSDT,direction,single,False,,0.3,4314,3.404495565663698,0.005216648771612923,0.8528048215113584,112.85889587559997,0.026161079247936942,0,False
structure_v1_lgbm_VETUSDT_1h_direction,structure_v1_vetusdt_direction,VETUSDT,direction,single,False,,0.4,2215,4.216409752419037,0.005912647690848921,0.8875846501128668,65.67839723334997,0.02965164660647854,0,False
structure_v1_lgbm_VETUSDT_1h_direction,structure_v1_vetusdt_direction,VETUSDT,direction,single,False,,0.5,996,4.624648113530996,0.006281034084094469,0.9066265060240963,31.373699384099982,0.031499698176807214,0,False
structure_v1_lgbm_VETUSDT_1h_direction,structure_v1_vetusdt_direction,VETUSDT,direction,single,False,,0.6,409,5.303648365856228,0.006601778432948085,0.921760391198044,13.542490510600004,0.0331112237422983,0,False
structure_v1_lgbm_VETUSDT_1h_direction,structure_v1_vetusdt_direction,VETUSDT,direction,single,False,,0.7,108,10.898473629160646,0.007740512502164476,0.9629629629629629,4.191809256600004,0.03881304867222225,0,False
structure_v1_lgbm_VETUSDT_1h_direction,structure_v1_vetusdt_direction,VETUSDT,direction,single,False,,0.8,28,,0.00886550326497788,1.0,1.2444784318500008,0.044445658280357174,0,False
structure_v1_lgbm_VETUSDT_1h_direction,structure_v1_vetusdt_direction,VETUSDT,direction,single,False,,0.9,1,,0.008898954979941595,1.0,0.044560342400000195,0.044560342400000195,0,False
structure_v1_lgbm_XLMUSDT_1h_direction,structure_v1_xlmusdt_direction,XLMUSDT,direction,single,False,,0.1,9182,1.8391202229167736,0.0027941973016841278,0.7387279459812677,130.97746558099996,0.014264590021890651,0,True
structure_v1_lgbm_XLMUSDT_1h_direction,structure_v1_xlmusdt_direction,XLMUSDT,direction,single,False,,0.2,6580,2.594261320010347,0.0040633326009908545,0.7901215805471125,136.3158049895,0.020716687688373862,0,False
structure_v1_lgbm_XLMUSDT_1h_direction,structure_v1_xlmusdt_direction,XLMUSDT,direction,single,False,,0.3,3895,3.4260401789968444,0.00498394710109669,0.8362002567394095,98.97490544999997,0.025410758780487794,0,False
structure_v1_lgbm_XLMUSDT_1h_direction,structure_v1_xlmusdt_direction,XLMUSDT,direction,single,False,,0.4,1993,4.603969521286141,0.005867449522785005,0.8770697441043652,59.64642936349999,0.029927962550677367,0,False
structure_v1_lgbm_XLMUSDT_1h_direction,structure_v1_xlmusdt_direction,XLMUSDT,direction,single,False,,0.5,941,7.6955686576768585,0.0069633292826632364,0.924548352816153,33.414347402999994,0.0355094021285866,0,False
structure_v1_lgbm_XLMUSDT_1h_direction,structure_v1_xlmusdt_direction,XLMUSDT,direction,single,False,,0.6,372,11.593067264416538,0.007614451981065759,0.9516129032258065,14.473325943999996,0.038906790172043,0,False
structure_v1_lgbm_XLMUSDT_1h_direction,structure_v1_xlmusdt_direction,XLMUSDT,direction,single,False,,0.7,120,13.775633258936972,0.007905719790471,0.9666666666666667,4.842939185499999,0.04035782654583332,0,False
structure_v1_lgbm_XLMUSDT_1h_direction,structure_v1_xlmusdt_direction,XLMUSDT,direction,single,False,,0.8,28,11.51186256286775,0.00782219385545885,0.9642857142857143,1.1178494664999967,0.03992319523214274,0,False
structure_v1_lgbm_XLMUSDT_1h_direction,structure_v1_xlmusdt_direction,XLMUSDT,direction,single,False,,0.9,6,,0.008905323709200238,1.0,0.2720918484999987,0.045348641416666446,0,False
structure_v1_lgbm_XRPUSDT_1h_direction,structure_v1_xrpusdt_direction,XRPUSDT,direction,single,False,,0.1,9096,1.9586612368869738,0.00300745778266302,0.7443931398416886,138.52493532199998,0.015229214525285837,0,True
structure_v1_lgbm_XRPUSDT_1h_direction,structure_v1_xrpusdt_direction,XRPUSDT,direction,single,False,,0.2,7022,2.562042610852596,0.0039796007091045076,0.7866704642551979,141.4372588285,0.0201420192008687,0,False
structure_v1_lgbm_XRPUSDT_1h_direction,structure_v1_xrpusdt_direction,XRPUSDT,direction,single,False,,0.3,4679,3.589893645638479,0.005033830654735846,0.8311605043812781,119.33908457099997,0.025505254236161568,0,False
structure_v1_lgbm_XRPUSDT_1h_direction,structure_v1_xrpusdt_direction,XRPUSDT,direction,single,False,,0.4,2663,5.0468744300776285,0.005980180461784303,0.8742020277882088,80.6936074675,0.030301767730942546,0,False
structure_v1_lgbm_XRPUSDT_1h_direction,structure_v1_xrpusdt_direction,XRPUSDT,direction,single,False,,0.5,1285,7.031761486859396,0.006744971490528767,0.914396887159533,43.9301322285,0.03418687332957199,0,False
structure_v1_lgbm_XRPUSDT_1h_direction,structure_v1_xrpusdt_direction,XRPUSDT,direction,single,False,,0.6,535,11.762779476297549,0.00745140602370538,0.9457943925233645,20.20360515650001,0.03776374795607479,0,False
structure_v1_lgbm_XRPUSDT_1h_direction,structure_v1_xrpusdt_direction,XRPUSDT,direction,single,False,,0.7,189,14.626015586859095,0.007684236469984755,0.9417989417989417,7.356350792499999,0.03892249096560846,0,False
structure_v1_lgbm_XRPUSDT_1h_direction,structure_v1_xrpusdt_direction,XRPUSDT,direction,single,False,,0.8,49,,0.008841398153271953,1.0,2.1970539219999994,0.04483783514285713,0,False
structure_v1_lgbm_XRPUSDT_1h_direction,structure_v1_xrpusdt_direction,XRPUSDT,direction,single,False,,0.9,5,,0.008893620923809183,1.0,0.22498900699999946,0.04499780139999989,0,False
